{
  "config_name": "adr_fric",
  "mode": "adr",
  "config": {
    "mass": false,
    "damping": false,
    "friction": true,
    "mode": "adr"
  },
  "seed": 42,
  "timesteps": 2500000,
  "source_mean": 641.6054299000001,
  "source_std": 97.55115957459951,
  "target_mean": 1633.760700287819,
  "target_std": 1.8344784921168498,
  "transfer_gap": 154.63635813407237,
  "final_adr_state": {
    "mass_range": 0.0,
    "damping_range": 0.0,
    "friction_range": 0.65
  },
  "timestamp": "2025-12-29T14:00:35.046390"
}